variable,value
GammaCV,0.03646700637659704
AlphaCV,0.19358679950754065
PhiCV,0.18837548050468478
GammaTBD,0.010115968874253865
AlphaTBD,0.020924727935627396
PhiTBD,0.48344565842741283
GammaHBD,0.13662300318627263
AlphaHBD,0.2714324433374478
PhiHBD,0.5033407263568025
